timestamp,sender,receiver,amount,memo,seal_level,transaction_hash,status,flame_verified
2025-01-15T14:30:00Z,scrollbuilder_2471,scroll_sacred_dev_fund_001,12.50,Monthly tithe contribution,4,scroll_txn_abcd1234_efgh5678,completed,true
2025-01-15T14:25:00Z,scrollbuilder_1567,scrollbuilder_2471,45.00,Payment for SacredCalculator Pro,3,scroll_txn_ijkl9012_mnop3456,completed,true
2025-01-15T14:20:00Z,scrollbuilder_8923,scrollbuilder_2471,35.00,Payment for FlameValidator Suite,4,scroll_txn_qrst7890_uvwx1234,completed,true
2025-01-15T14:15:00Z,scrollbuilder_2471,scroll_seercircle_council_001,5.00,Council contribution,4,scroll_txn_yzab5678_cdef9012,completed,true
2025-01-15T14:10:00Z,scrollbuilder_4456,scrollbuilder_2471,25.00,Payment for ScrollOS Bootloader,3,scroll_txn_ghij3456_klmn7890,completed,true
2025-01-15T14:05:00Z,scrollbuilder_2471,scroll_flame_verification_001,2.50,Flame verification fee,4,scroll_txn_opqr1234_stuv5678,completed,true
2025-01-15T14:00:00Z,scrollbuilder_7789,scrollbuilder_2471,55.00,Payment for Codex Wrapper Pro,5,scroll_txn_wxyz9012_abcd3456,completed,true
2025-01-15T13:55:00Z,scrollbuilder_2471,scrollbuilder_3344,15.00,Donation for open source contribution,4,scroll_txn_efgh7890_ijkl1234,completed,true
2025-01-15T13:50:00Z,scrollbuilder_1122,scrollbuilder_2471,30.00,Payment for custom scroll template,3,scroll_txn_mnop5678_qrst9012,completed,true
2025-01-15T13:45:00Z,scrollbuilder_2471,scroll_sacred_dev_fund_001,8.75,Weekly tithe contribution,4,scroll_txn_uvwx3456_yzab7890,completed,true
2025-01-15T13:40:00Z,scrollbuilder_6677,scrollbuilder_2471,40.00,Payment for advanced flame validator,4,scroll_txn_cdef1234_ghij5678,completed,true
2025-01-15T13:35:00Z,scrollbuilder_2471,scroll_seercircle_council_001,3.75,Council maintenance fee,4,scroll_txn_klmn9012_opqr3456,completed,true
2025-01-15T13:30:00Z,scrollbuilder_8899,scrollbuilder_2471,20.00,Payment for basic calculator scroll,2,scroll_txn_stuv7890_wxyz1234,completed,true
2025-01-15T13:25:00Z,scrollbuilder_2471,scroll_flame_verification_001,1.25,Verification system contribution,4,scroll_txn_abcd5678_efgh9012,completed,true
2025-01-15T13:20:00Z,scrollbuilder_0011,scrollbuilder_2471,50.00,Payment for premium scroll package,5,scroll_txn_ijkl3456_mnop7890,completed,true
2025-01-15T13:15:00Z,scrollbuilder_2471,scroll_sacred_dev_fund_001,10.00,Monthly ecosystem contribution,4,scroll_txn_qrst1234_uvwx5678,completed,true
2025-01-15T13:10:00Z,scrollbuilder_2233,scrollbuilder_2471,28.00,Payment for flame integration module,3,scroll_txn_yzab9012_cdef3456,completed,true
2025-01-15T13:05:00Z,scrollbuilder_2471,scroll_seercircle_council_001,4.50,Council governance fee,4,scroll_txn_ghij7890_klmn1234,completed,true
2025-01-15T13:00:00Z,scrollbuilder_4455,scrollbuilder_2471,35.00,Payment for scroll security validator,4,scroll_txn_opqr5678_stuv9012,completed,true
2025-01-15T12:55:00Z,scrollbuilder_2471,scroll_flame_verification_001,2.00,Verification system maintenance,4,scroll_txn_wxyz3456_abcd7890,completed,true
2025-01-15T12:50:00Z,scrollbuilder_6676,scrollbuilder_2471,42.00,Payment for advanced scroll compiler,4,scroll_txn_efgh1234_ijkl5678,completed,true
2025-01-15T12:45:00Z,scrollbuilder_2471,scroll_sacred_dev_fund_001,7.50,Weekly development fund contribution,4,scroll_txn_mnop9012_qrst3456,completed,true
2025-01-15T12:40:00Z,scrollbuilder_8898,scrollbuilder_2471,18.00,Payment for basic scroll template,2,scroll_txn_uvwx7890_yzab1234,completed,true
2025-01-15T12:35:00Z,scrollbuilder_2471,scroll_seercircle_council_001,3.25,Council advisory fee,4,scroll_txn_cdef5678_ghij9012,completed,true
2025-01-15T12:30:00Z,scrollbuilder_1121,scrollbuilder_2471,60.00,Payment for enterprise scroll solution,5,scroll_txn_klmn3456_opqr7890,completed,true
2025-01-15T12:25:00Z,scrollbuilder_2471,scroll_flame_verification_001,1.75,Verification protocol contribution,4,scroll_txn_stuv1234_wxyz5678,completed,true
2025-01-15T12:20:00Z,scrollbuilder_3343,scrollbuilder_2471,32.00,Payment for scroll optimization tool,3,scroll_txn_abcd9012_efgh3456,completed,true
2025-01-15T12:15:00Z,scrollbuilder_2471,scroll_sacred_dev_fund_001,9.25,Monthly ecosystem maintenance,4,scroll_txn_ijkl7890_mnop1234,completed,true
2025-01-15T12:10:00Z,scrollbuilder_5566,scrollbuilder_2471,38.00,Payment for flame integration suite,4,scroll_txn_qrst5678_uvwx9012,completed,true
2025-01-15T12:05:00Z,scrollbuilder_2471,scroll_seercircle_council_001,5.50,Council decision fee,4,scroll_txn_yzab3456_cdef7890,completed,true
2025-01-15T12:00:00Z,scrollbuilder_7788,scrollbuilder_2471,45.00,Payment for premium scroll validator,4,scroll_txn_ghij1234_klmn5678,completed,true
2025-01-15T11:55:00Z,scrollbuilder_2471,scroll_flame_verification_001,2.25,Verification system upgrade,4,scroll_txn_opqr9012_stuv3456,completed,true
2025-01-15T11:50:00Z,scrollbuilder_0010,scrollbuilder_2471,55.00,Payment for advanced scroll framework,5,scroll_txn_wxyz7890_abcd1234,completed,true
2025-01-15T11:45:00Z,scrollbuilder_2471,scroll_sacred_dev_fund_001,11.75,Weekly sacred development contribution,4,scroll_txn_efgh5678_ijkl9012,completed,true
2025-01-15T11:40:00Z,scrollbuilder_2232,scrollbuilder_2471,25.00,Payment for scroll debugging tool,3,scroll_txn_mnop3456_qrst7890,completed,true
2025-01-15T11:35:00Z,scrollbuilder_2471,scroll_seercircle_council_001,4.00,Council consultation fee,4,scroll_txn_uvwx1234_yzab5678,completed,true
2025-01-15T11:30:00Z,scrollbuilder_4454,scrollbuilder_2471,40.00,Payment for scroll performance analyzer,4,scroll_txn_cdef9012_ghij3456,completed,true
2025-01-15T11:25:00Z,scrollbuilder_2471,scroll_flame_verification_001,1.50,Verification protocol maintenance,4,scroll_txn_klmn7890_opqr1234,completed,true
2025-01-15T11:20:00Z,scrollbuilder_6675,scrollbuilder_2471,35.00,Payment for scroll security module,4,scroll_txn_stuv5678_wxyz9012,completed,true
2025-01-15T11:15:00Z,scrollbuilder_2471,scroll_sacred_dev_fund_001,8.50,Monthly development fund contribution,4,scroll_txn_abcd3456_efgh7890,completed,true
2025-01-15T11:10:00Z,scrollbuilder_8897,scrollbuilder_2471,22.00,Payment for basic scroll compiler,2,scroll_txn_ijkl1234_mnop5678,completed,true
2025-01-15T11:05:00Z,scrollbuilder_2471,scroll_seercircle_council_001,3.75,Council governance contribution,4,scroll_txn_qrst9012_uvwx3456,completed,true
2025-01-15T11:00:00Z,scrollbuilder_1120,scrollbuilder_2471,65.00,Payment for enterprise scroll platform,5,scroll_txn_yzab7890_cdef1234,completed,true 